Gene	Solenodon_paradoxus	Erinaceus_europaeus	Crocidura_indochinensis	Sorex_araneus	Uropsilus_gracilis	Condylura_cristata	Scalopus_aquaticus	Megaderma_lyra	Craseonycteris_thonglongyai	Hipposideros_armiger	Hipposideros_galeritus	Rhinolophus_sinicus	Macroglossus_sobrinus	Eidolon_helvum	Pteropus_vampyrus	Pteropus_alecto	Rousettus_aegyptiacus	Noctilio_leporinus	Pteronotus_parnellii	Mormoops_blainvillei	Carollia_perspicillata	Artibeus_jamaicensis	Anoura_caudifer	Tonatia_saurophila	Micronycteris_hirsuta	Desmodus_rotundus	Pipistrellus_pipistrellus	Eptesicus_fuscus	Lasiurus_borealis	Murina_feae	Myotis_myotis	Myotis_brandtii	Myotis_lucifugus	Myotis_davidii	Miniopterus_natalensis	Miniopterus_schreibersii	Tadarida_brasiliensis	Vicugna_pacos	Camelus_dromedarius	Camelus_ferus	Camelus_bactrianus	Hippopotamus_amphibius	Eubalaena_japonica	Balaenoptera_bonaerensis	Balaenoptera_acutorostrata	Eschrichtius_robustus	Kogia_breviceps	Platanista_gangetica	Mesoplodon_bidens	Ziphius_cavirostris	Inia_geoffrensis	Lipotes_vexillifer	Neophocaena_asiaeorientalis	Phocoena_phocoena	Delphinapterus_leucas	Monodon_monoceros	Tursiops_truncatus	Orcinus_orca	Tragulus_javanicus	Moschus_moschiferus	Bubalus_bubalis	Bos_taurus	Bos_indicus	Bos_mutus	Bison_bison	Beatragus_hunteri	Ammotragus_lervia	Hemitragus_hylocrius	Capra_hircus	Capra_aegagrus	Ovis_aries	Ovis_canadensis	Pantholops_hodgsonii	Saiga_tatarica	Okapia_johnstoni	Giraffa_tippelskirchi	Antilocapra_americana	Odocoileus_virginianus	Rangifer_tarandus	Elaphurus_davidianus	Catagonus_wagneri	Sus_scrofa	Cryptoprocta_ferox	Mungos_mungo	Suricata_suricatta	Helogale_parvula	Hyaena_hyaena	Paradoxurus_hermaphroditus	Panthera_tigris	Panthera_pardus	Panthera_onca	Felis_catus	Felis_nigripes	Puma_concolor	Acinonyx_jubatus	Lycaon_pictus	Canis_lupus	Canis_lupus_familiaris	Vulpes_lagopus	Pteronura_brasiliensis	Enhydra_lutris	Mustela_putorius	Mellivora_capensis	Ailurus_fulgens	Spilogale_gracilis	Zalophus_californianus	Odobenus_rosmarus	Leptonychotes_weddellii	Mirounga_angustirostris	Neomonachus_schauinslandi	Ailuropoda_melanoleuca	Ursus_maritimus	Manis_javanica	Manis_pentadactyla	Equus_caballus	Equus_przewalskii	Equus_asinus	Tapirus_indicus	Tapirus_terrestris	Dicerorhinus_sumatrensis	Diceros_bicornis	Ceratotherium_simum	Ceratotherium_simum_cottoni
element_1	0.315	0.526					0.326	0.478	0.285	0.505	0.389	0.432	0.41				0.393	0.222		0.301	0.329	0.332	0.3	0.296	0.317	0.516	0.42	0.46	0.317	0.293	0.291					0.277	0.269					0.352	0.365			0.367	0.29		0.284	0.295	0.287	0.391		0.27	0.287	0.288		0.481	0.378	0.291	0.414				0.302	0.265	0.345	0.317	0.32			0.317			0.323	0.294	0.283	0.467	0.326	0.369	0.339		0.342	0.279	0.284	0.297	0.303	0.31					0.309	0.411			0.354	0.304	0.387	0.307	0.405		0.295		0.316	0.32	0.438	0.325	0.364	0.425	0.464							0.246	0.194	0.341	0.335	0.425	0.342
element_1000	0.789	0.807	0.669			0.571	0.868	0.597	0.537	0.457	0.292	0.459	0.611	0.691		0.895	0.602	0.394	0.609	0.693	0.577	0.806	0.809	0.493	0.705	0.561	0.311	0.698		0.832	0.763	0.783	0.728	0.778	0.576	0.588	0.798	0.657	0.645	0.645	0.645	0.657	0.694	0.626	0.644	0.717	0.816	0.781	0.626	0.559	0.79	0.612	0.663	0.645	0.694	0.694	0.69	0.69	0.777	0.677	0.745	0.602	0.602	0.629	0.715	0.686	0.532	0.726	0.636	0.636	0.689	0.689	0.661	0.627	0.836	0.636	0.646	0.572	0.641	0.691	0.847	0.65	0.71	0.772	0.6	0.674	0.717	0.48	0.607	0.628	0.598	0.589	0.585	0.531	0.589	0.619	0.619	0.619	0.632	0.663	0.709	0.572	0.692	0.648	0.765	0.704	0.698	0.736	0.761	0.711	0.675	0.695	0.558	0.592	0.66	0.635	0.677	0.803	0.795	0.834	0.722	0.713	0.713
element_10000	0.446	0.296		0.121		0.148	0.101	0.072	0.151	0.085	0.054	0.062	0.166	0.247	0.302	0.308	0.207	0.108	0.152	0.082	0.089		0.187	0.151	0.032	0.173		0.144	0.089	0.109	0.15	0.104	0.078	0.169	0.105	0.121	0.182	0.095	0.134	0.144	0.138	0.201	0.177	0.174	0.174	0.202	0.244	0.17	0.216	0.195	0.185	0.179	0.102	0.102	0.09	0.085	0.103	0.092	0.366	0.097	0.232	0.127	0.074	0.134		0.196	0.095	0.173	0.17	0.181	0.195	0.191		0.181		0.132	0.248	0.147	0.135	0.075	0.065		0.262	0.09	0.1	0.096	0.635	0.185	0.209	0.193	0.193	0.298	0.27	0.222	0.222	0.164	0.173	0.188	0.168	0.119	0.17	0.106	0.082	0.104	0.199	0.127	0.119	0.111	0.125	0.138	0.093	0.093	0.058	0.059		0.07	0.077	0.156	0.191	0.072	0.079	0.079	0.078
element_100000	0.529	0.523		0.51		0.873	0.89	0.654	0.682	0.465	0.571		0.539		0.627	0.687	0.671	0.769	0.424	0.542	0.465		0.456	0.402	0.38	0.388		0.538		0.767	0.747	0.615	0.609		0.439	0.439	0.471	0.777	0.82	0.921	0.846																																										0.76		0.706	0.582	0.194	0.571	0.523		0.609	0.508	0.495	0.433	0.538	0.282	0.283	0.283		0.359	0.281	0.498	0.411	0.536	0.545	0.642	0.565		0.596	0.573	0.577	0.553		0.436		0.555	0.685		0.515	0.629	0.65		0.641
element_100001	0.251	0.232				0.267	0.268	0.246	0.238	0.382	0.382		0.244		0.229	0.259	0.272	0.369		0.274	0.34	0.212	0.331	0.204	0.328	0.273		0.18		0.187	0.292	0.237	0.213		0.431	0.397	0.27	0.369	0.369	0.389	0.387	0.217	0.148	0.135		0.125		0.128	0.109		0.204	0.137	0.133	0.13	0.125	0.125	0.145	0.145		0.253	0.247	0.279	0.285	0.286		0.232	0.377	0.333	0.309	0.259	0.294	0.282		0.27	0.136	0.135	0.198	0.269	0.25	0.249	0.363	0.259	0.262		0.275	0.237	0.377	0.267	0.244		0.244	0.272		0.264	0.236	0.229	0.244	0.249		0.28	0.215	0.333	0.27	0.432	0.308	0.209	0.205		0.24	0.24	0.276	0.245		0.31		0.179	0.173		0.168	0.157	0.163		0.168
element_100002	0.157	0.388	0.253	0.57		0.823	0.588	0.269	0.276	0.251	0.533		0.533		0.519	0.512	0.562	0.322	0.617	0.245	0.274	0.623	0.187	0.368	0.474	0.567		0.331		0.278	0.893	0.63	0.468		0.554	0.491	0.602	0.421	0.383	0.489	0.49	0.425	0.523	0.477		0.496		0.383	0.351		0.435	0.401	0.388	0.395	0.381	0.366	0.388	0.372		0.439	0.339	0.436	0.431	0.469		0.396	0.401	0.434	0.428	0.428	0.431	0.413		0.402	0.396	0.409	0.391	0.387	0.431	0.475	0.46	0.516	0.446		0.641	0.301	0.362	0.508	0.476		0.479	0.476	0.554	0.547	0.48	0.349	0.395	0.361		0.304	0.316	0.279	0.235	0.32	0.359	0.274	0.29		0.328	0.368	0.243	0.237		0.426		0.509	0.509		0.812	0.44	0.462		0.358
element_100003	0.095	0.122	0.18	0.164		0.094	0.109	0.106	0.116	0.143	0.141		0.123		0.137	0.114	0.107	0.196	0.099	0.109	0.105	0.083	0.151	0.13	0.21	0.162		0.095	0.11	0.156	0.111	0.103	0.107		0.359	0.338	0.112	0.146	0.117	0.15	0.15	0.178	0.213	0.206		0.209		0.172	0.215		0.194	0.171	0.453	0.204	0.141	0.142	0.166	0.166		0.303	0.503	0.254		0.28		0.501	0.396	0.372	0.339	0.339	0.376	0.335		0.359		0.389	0.546	0.4	0.369	0.396	0.085		0.117		0.117	0.109	0.112	0.085	0.112		0.124	0.124	0.124	0.138	0.15	0.069	0.079	0.079		0.104	0.106	0.105	0.121	0.114		0.094	0.089		0.074	0.084	0.084	0.09		0.07		0.112	0.103		0.154	0.112	0.113		0.12
element_100004	0.9	0.792		0.968			0.566				0.606		0.715		0.714	0.787	0.721											0.866		0.846	0.902		0.879		0.88	0.865	0.887	0.82	0.862		0.855	0.894	0.827	0.83		0.83		0.787	0.86		0.885	0.789	0.807	0.864	0.829	0.819	0.847	0.847		0.969	0.971	0.97	0.97	0.973		0.939	0.955	0.972	0.972	0.972	0.959	0.973		0.976	0.969	0.975	0.978	0.988	0.976	0.99	0.9	0.895	0.862		0.836	0.883	0.852	0.768	0.784		0.85		0.849	0.85	0.85	0.873	0.873	0.873		0.92	0.909	0.905	0.903	0.915	0.913				0.918	0.916	0.914	0.903		0.854		0.828	0.836		0.779	0.674	0.597		0.597
element_100005	0.962	0.924	0.873	0.857		0.855	0.961	0.956	0.954	0.988	0.95		0.978		0.97	0.97	0.973	0.736	0.971	0.865	0.959	0.908	0.977	0.99	0.978	0.969		0.964		0.876	0.933	0.926	0.933		0.986	0.986	0.986	0.957	0.968	0.967	0.967	0.889	0.993	0.995		0.993		0.99	0.992		0.988	0.991	0.986	0.986	0.991	0.989	0.986	0.987		0.971	0.976	0.974	0.974	0.975		0.979	0.957	0.956	0.957	0.957	0.957	0.955		0.971	0.883	0.975	0.974	0.964	0.942	0.968	0.993	0.993	0.991		0.988	0.966	0.963	0.994	0.941		0.953	0.955	0.955	0.96	0.955	0.99	0.991	0.991		0.994	0.99	0.99	0.99	0.988	0.988	0.981	0.983		0.984	0.986	0.989	0.985		0.995		0.988	0.989		0.986	0.989	0.988		0.992
element_100006	0.361	0.458		0.262		0.389	0.364	0.471	0.396	0.45	0.315		0.415		0.45	0.45	0.429	0.517	0.385	0.436	0.5		0.489	0.441	0.416	0.386		0.294	0.424	0.434	0.385		0.325		0.359	0.359	0.334	0.33	0.312	0.371	0.323	0.338	0.289	0.239		0.241		0.238	0.368		0.251	0.249	0.325	0.269	0.29	0.285	0.274	0.276		0.467	0.385	0.434	0.434	0.429		0.422	0.324	0.333	0.265	0.265	0.333	0.333		0.368	0.351	0.337	0.419	0.448	0.448	0.44	0.308	0.31	0.336		0.449	0.422	0.361	0.341	0.331		0.331	0.345	0.345	0.344	0.344	0.498	0.498	0.498		0.383	0.353	0.448	0.344	0.267	0.418	0.455	0.4		0.453	0.467	0.512	0.49		0.346		0.496	0.472		0.29	0.443	0.378		0.438
element_100007	0.244	0.056	0.129	0.251		0.243	0.272	0.3		0.17	0.11		0.241			0.289	0.271	0.266	0.206	0.248	0.152	0.25	0.216	0.231	0.219	0.236		0.165		0.301	0.194		0.161		0.172	0.188	0.126	0.276	0.138	0.143	0.145	0.21	0.186	0.178		0.187		0.088	0.162		0.132	0.131	0.087	0.12	0.153	0.137	0.154	0.151		0.125	0.172	0.188	0.188	0.187		0.154	0.157	0.16	0.184		0.182	0.182		0.286	0.103	0.141	0.113	0.131	0.131	0.149	0.204	0.244	0.211		0.219	0.179	0.219	0.22	0.208		0.146	0.21	0.207	0.21	0.218	0.153	0.196	0.196		0.238	0.321	0.341	0.232	0.224	0.34	0.235	0.287		0.328	0.215	0.362	0.288		0.185		0.184	0.188						
element_100008	0.755	0.712	0.648	0.809		0.76	0.699	0.802	0.789	0.808	0.882		0.821		0.813	0.812		0.671	0.856	0.771	0.793	0.811	0.797	0.657	0.784	0.828		0.66		0.711	0.722	0.752	0.749		0.723	0.707	0.777	0.801	0.79	0.84	0.84	0.855	0.895	0.886		0.887		0.798	0.848		0.852	0.796	0.761	0.746	0.715	0.715		0.762		0.877	0.895	0.875	0.875	0.88		0.887	0.871	0.888	0.897	0.897	0.887	0.892		0.901	0.805		0.865	0.89	0.889	0.896	0.83	0.814	0.813		0.799	0.792	0.798	0.781	0.785		0.785	0.785	0.785	0.764	0.798	0.74	0.773	0.773		0.788	0.794	0.769	0.719	0.797	0.811	0.742	0.757		0.686	0.728	0.821	0.817		0.826		0.791	0.791		0.737	0.763	0.802		0.808
element_100009	0.856	0.828	0.846	0.884		0.774	0.923	0.843	0.84	0.84	0.883		0.821		0.854	0.849	0.821	0.834	0.758	0.838	0.74	0.871	0.706	0.831	0.766	0.718		0.661	0.936	0.836	0.894	0.931	0.924		0.636	0.633	0.808	0.626	0.671	0.671	0.671	0.653	0.916	0.872		0.877		0.884	0.875		0.909	0.866	0.892	0.88	0.908	0.908	0.906	0.889		0.752	0.799	0.803	0.801	0.824		0.742	0.797	0.8	0.815	0.81	0.811	0.818		0.793		0.654	0.771	0.796	0.804	0.772	0.654	0.633	0.632		0.425	0.391	0.613	0.52	0.798		0.837	0.815	0.792	0.788	0.812	0.735	0.602	0.64		0.684	0.759	0.625	0.703	0.775	0.369	0.722	0.879		0.498	0.523	0.726	0.707				0.791	0.802		0.719	0.548	0.517		0.499
element_10001	0.403	0.532	0.659	0.509		0.389	0.246	0.408	0.364	0.438	0.477	0.439	0.38	0.487		0.335	0.46	0.552	0.336	0.349	0.408	0.266	0.332	0.166	0.486	0.542		0.431	0.318	0.348	0.21	0.287	0.274	0.287	0.383	0.358	0.369	0.419	0.52	0.519	0.519	0.456	0.588	0.663	0.687	0.575		0.559	0.58	0.696	0.75	0.696	0.666	0.668	0.709	0.669	0.704	0.767	0.425	0.382	0.398	0.464	0.456	0.412		0.354	0.238	0.274	0.309	0.374	0.357	0.36		0.471	0.38		0.467	0.379	0.276	0.437	0.657		0.655	0.546	0.609	0.491	0.421	0.39	0.233	0.254	0.241	0.21		0.199	0.185	0.377	0.219	0.219	0.3	0.471	0.535	0.51	0.512	0.483	0.558	0.604	0.509	0.642	0.635	0.63	0.367	0.443		0.436		0.476	0.461	0.263	0.283	0.383	0.391	0.385	0.385
element_100010	0.811	0.964	0.916	0.942		0.969	0.952	0.883	0.915	0.982	0.986		0.986		0.974	0.403	0.967	0.976	0.965	0.954	0.962	0.969	0.956	0.956	0.964	0.965		0.92		0.903	0.904	0.917	0.946		0.941	0.941	0.921	0.977	0.981	0.969	0.984	0.976	0.962	0.946		0.966		0.945	0.949		0.942	0.941	0.944	0.944	0.937	0.959	0.962	0.946		0.973	0.974	0.979	0.979	0.976		0.976	0.965	0.978	0.974	0.975	0.969	0.968		0.956	0.96	0.971	0.972	0.982	0.983	0.979	0.97	0.958	0.984		0.987	0.986	0.986	0.984			0.983	0.983	0.985	0.98	0.876	0.969	0.974	0.974		0.988	0.98	0.987	0.975	0.989	0.992	0.989	0.988		0.972	0.983	0.987	0.65		0.977		0.977	0.975		0.964	0.968	0.962		0.894
element_100012	0.096	0.119	0.155	0.291		0.14	0.171	0.114	0.38	0.221	0.217		0.199		0.165	0.178	0.259	0.397	0.178	0.218	0.233	0.313	0.268	0.272	0.225	0.251		0.155	0.169	0.219	0.227	0.251	0.269		0.137	0.137	0.166	0.108	0.119	0.125	0.125	0.193	0.193	0.203		0.178		0.204	0.272		0.185	0.244	0.158	0.158	0.138	0.138	0.165	0.144		0.23	0.24	0.251	0.251	0.249		0.267	0.223	0.222	0.289	0.275	0.226	0.226		0.243		0.244	0.184	0.263	0.27	0.241	0.132	0.15	0.262		0.26	0.186	0.215	0.191	0.179		0.162	0.172	0.167	0.162	0.135	0.299	0.282	0.282		0.161	0.142	0.193	0.172	0.146	0.223	0.239	0.136		0.129	0.169	0.213	0.185		0.23		0.118	0.155		0.158	0.17	0.173		0.18
element_100013	0.816		0.724	0.714		0.881	0.9	0.074	0.468	0.56	0.599		0.926		0.77	0.825	0.626	0.42	0.883	0.555	0.487	0.584	0.86	0.882	0.816	0.598		0.263	0.66	0.218	0.533	0.398	0.35		0.389	0.512	0.703	0.514	0.915	0.908	0.908	0.897	0.653	0.725		0.7		0.422	0.698		0.516	0.482	0.559	0.559	0.646	0.646	0.559	0.559		0.841	0.876	0.696	0.704	0.715		0.733	0.719	0.671	0.695	0.695	0.665	0.665		0.72	0.738	0.711	0.68	0.457	0.39	0.543	0.49	0.618	0.58		0.736	0.743	0.417	0.775	0.689		0.701	0.768	0.768	0.785	0.768	0.588	0.588	0.588		0.846	0.775	0.741	0.665	0.762	0.773	0.778	0.83		0.87	0.85	0.763	0.656				0.875	0.94		0.786	0.711	0.734		0.768
element_100014	0.249	0.288		0.366		0.277	0.415	0.324	0.519	0.51	0.739		0.503		0.475	0.469	0.466	0.503	0.531	0.482	0.432	0.41	0.425	0.344	0.428	0.353		0.602	0.478	0.601	0.495	0.556	0.59		0.343	0.354	0.353	0.398	0.327	0.39	0.39	0.42	0.501	0.46		0.505		0.446	0.5		0.494	0.452	0.397	0.397	0.383	0.495	0.245	0.458		0.27	0.311	0.31	0.318	0.31		0.311	0.305	0.308	0.308	0.308	0.306	0.308		0.268		0.304	0.405	0.312	0.283	0.445	0.536	0.504	0.328		0.482	0.447	0.463	0.375	0.372		0.343	0.372	0.263	0.392	0.39	0.394	0.394	0.394		0.365	0.346	0.361	0.302	0.228	0.331	0.342	0.318		0.238	0.243	0.307	0.284		0.229		0.35	0.417		0.358	0.288	0.26		0.28
element_100015	0.279	0.058		0.154		0.194	0.271	0.134	0.099	0.074	0.108		0.204		0.073	0.081	0.089	0.341	0.238	0.264	0.34	0.245	0.198	0.327	0.333	0.359		0.167	0.331	0.122	0.104	0.096	0.103		0.246	0.246	0.218	0.1	0.093	0.089	0.101	0.14	0.074	0.172		0.078		0.098	0.117		0.107	0.116	0.095	0.106	0.068	0.066	0.109	0.12		0.189	0.233	0.22	0.259	0.22		0.198	0.142	0.189	0.189	0.189	0.194	0.192		0.191	0.156	0.135	0.144	0.165	0.172	0.168	0.069	0.137	0.082		0.078	0.048	0.064	0.086	0.106		0.106	0.08	0.092	0.102	0.097	0.137	0.14	0.14		0.121	0.12	0.117	0.107	0.181	0.17	0.336	0.332		0.377	0.314	0.169	0.144				0.186	0.164		0.076	0.092	0.091		0.096
element_100016	0.233	0.69	0.141	0.588		0.663	0.317	0.336	0.85	0.844	0.566		0.505		0.483	0.527	0.244	0.348	0.615	0.277	0.486	0.09	0.394	0.377	0.532	0.458		0.372		0.432	0.308	0.482	0.479		0.373	0.238	0.406	0.378	0.705	0.705	0.705	0.363	0.438	0.45		0.443		0.434	0.507		0.385	0.425	0.52	0.427	0.457	0.554	0.602	0.504		0.488	0.513	0.419	0.419	0.424		0.322	0.303	0.184	0.198	0.198	0.131	0.184		0.401	0.448	0.465	0.265	0.324	0.347	0.294	0.298	0.236	0.638		0.385	0.611	0.296	0.338	0.473		0.409	0.321	0.362	0.439	0.431	0.624	0.609	0.634		0.268	0.274	0.236	0.521	0.158	0.255	0.502	0.52		0.339		0.356	0.502		0.445		0.355	0.367		0.354	0.425	0.502		0.518
element_100017	0.999	1.0	0.999	0.999		1.0	0.999	0.998	1.0	1.0	1.0		1.0		1.0	1.0	1.0	1.0	1.0	0.999	0.991	0.998	0.999	0.999	1.0	0.999		1.0		0.999	1.0	1.0	1.0		0.999	0.999	1.0	1.0	1.0	1.0	1.0	1.0	0.999	1.0		0.999		0.999	1.0		1.0	1.0	1.0	1.0	1.0	1.0	0.999	1.0		1.0		1.0	1.0	1.0		0.999	0.999	0.999	1.0	1.0	0.999	0.999		1.0	1.0	1.0	0.999	0.999	0.999	0.999	1.0		1.0		1.0	1.0	0.999	0.999	0.999		0.999	0.999	0.999	0.999	0.999	1.0	1.0	1.0		1.0	1.0	1.0	0.998	0.996	0.999	1.0	1.0		1.0	1.0	0.998	0.996		0.999		1.0	1.0		0.999	0.998	0.999		1.0
element_100018	0.511	0.348	0.512			0.493	0.522	0.398	0.311	0.467	0.503		0.492		0.553		0.468	0.405		0.407	0.368	0.322	0.371	0.327	0.393			0.364		0.318	0.348		0.397			0.525	0.523	0.497				0.57	0.546	0.572		0.543		0.54	0.526		0.525	0.498	0.503	0.517	0.54	0.524	0.618	0.522		0.53	0.542	0.504	0.495			0.375	0.482	0.495	0.486		0.285	0.495		0.506	0.459		0.411	0.448	0.448	0.498	0.391	0.468	0.402		0.416	0.4	0.429	0.399					0.398			0.361	0.361	0.361		0.542			0.533		0.465	0.485	0.542		0.563	0.572	0.524					0.545	0.64		0.518	0.458	0.321		0.314
element_100019	0.9	0.836	0.792	0.707		0.839	0.829	0.794	0.828	0.935	0.866		0.85		0.873	0.886	0.874	0.843	0.827	0.83	0.824	0.579	0.806	0.863	0.848	0.731		0.827	0.627	0.798	0.748	0.778	0.816		0.72	0.742	0.327	0.662	0.401	0.624	0.626	0.94	0.789	0.828		0.798		0.832	0.697		0.726	0.733	0.728	0.704	0.663	0.653	0.768	0.759		0.678	0.684	0.661	0.661	0.617		0.699		0.694	0.723	0.722		0.665		0.713		0.726	0.757	0.555	0.529	0.554	0.705	0.762	0.94		0.897	0.895	0.94	0.945	0.905		0.903	0.907	0.921	0.907	0.907	0.824	0.771	0.771		0.814		0.832	0.785	0.8	0.92	0.931	0.934		0.907	0.91	0.833	0.829		0.854		0.805	0.805		0.794	0.804	0.797		0.661
element_10002	0.545	0.55	0.313	0.291		0.258		0.06	0.323	0.602	0.609	0.399	0.512	0.389	0.516	0.506	0.327	0.343		0.247	0.315	0.221	0.131	0.268	0.364	0.211		0.323		0.121	0.384	0.435	0.443	0.446	0.464	0.429	0.183	0.184	0.175	0.175	0.175	0.299	0.388	0.378	0.282	0.442	0.445	0.487	0.389	0.511	0.392	0.381	0.301	0.366	0.283	0.354	0.409	0.337	0.267	0.333	0.418	0.37	0.381	0.418		0.415	0.422	0.394	0.42	0.42	0.338	0.366		0.369	0.099	0.073	0.467	0.457	0.458	0.438	0.591		0.047	0.067	0.074	0.062	0.322	0.196	0.125	0.122	0.136	0.117	0.117	0.071	0.118	0.217	0.224	0.224	0.226	0.449	0.457	0.567	0.456	0.234	0.144	0.303	0.307	0.262	0.278	0.28	0.328	0.322	0.408	0.39		0.279	0.348	0.426	0.306	0.374	0.447	0.404	0.404
element_100020	0.223		0.292	0.802				0.447	0.69	0.279	0.304		0.755																									0.385	0.388	0.388	0.388	0.216	0.235	0.254		0.254			0.276		0.256		0.274	0.26	0.257	0.27	0.283	0.26			0.479	0.481	0.481	0.477		0.515	0.51	0.453			0.453					0.509	0.497	0.557	0.629		0.584																																	0.229		0.715	0.82		0.756	0.666	0.622		0.606
element_100021			0.69	0.755		0.938	0.88	0.778	0.946	0.881	0.815		0.92		0.881	0.881	0.92			0.836	0.885	0.908	0.918	0.933	0.752										0.87	0.867	0.884					0.949		0.919		0.919		0.867	0.927		0.893	0.944	0.912	0.913	0.921	0.893	0.92	0.921		0.925	0.864	0.874	0.874	0.905		0.844	0.858	0.878	0.852	0.849	0.681	0.852		0.939	0.877	0.851		0.916	0.904	0.861	0.889	0.918							0.726		0.726	0.726	0.765	0.785	0.709	0.904	0.906	0.904		0.85	0.744	0.898	0.472	0.641	0.827				0.652	0.732	0.695	0.884		0.582									
element_100023	0.823	0.543	0.205	0.199		0.833	0.851	0.681	0.592	0.667	0.553		0.4		0.521	0.527	0.418	0.828	0.638	0.719	0.302		0.309	0.239	0.245	0.444		0.577	0.376	0.469	0.412		0.377		0.311	0.31	0.429	0.69	0.784	0.829	0.829	0.57	0.572	0.542		0.551		0.474	0.595		0.606	0.528	0.497	0.476	0.491	0.504	0.471	0.462		0.271	0.224	0.222	0.222	0.228		0.151	0.468	0.198	0.211	0.211	0.208	0.201		0.272		0.499	0.278	0.212	0.257	0.247	0.428	0.408	0.37		0.187	0.29	0.302	0.249	0.383		0.383	0.352	0.352	0.352	0.409	0.795	0.795	0.795		0.181	0.236	0.318	0.38	0.675	0.661	0.533	0.475		0.44	0.666	0.376	0.423		0.656		0.34	0.367		0.659	0.56	0.564		0.589
element_100024	0.518	0.578	0.65	0.488		0.342	0.6	0.5	0.72	0.594	0.488		0.451		0.582	0.57	0.545	0.452	0.547	0.411		0.437	0.685	0.704	0.645	0.777		0.451	0.55	0.693	0.713	0.583	0.587		0.506	0.434	0.76	0.65	0.576	0.605	0.605	0.417	0.632	0.617		0.638		0.599	0.657		0.679	0.677	0.424	0.451	0.62	0.616	0.533	0.551		0.629	0.62	0.67	0.684	0.679		0.56	0.732	0.614	0.622	0.652	0.595	0.626		0.613	0.493	0.477	0.749	0.784	0.747	0.714	0.923	0.878	0.406		0.495	0.425	0.31	0.531	0.496		0.51	0.459	0.387	0.511	0.518	0.538	0.528	0.528		0.743	0.595	0.555	0.577	0.439	0.713	0.411	0.394		0.45	0.392	0.521	0.603		0.593		0.67	0.678		0.634				
element_100025	0.378	0.407	0.904	0.872		0.401	0.761	0.492	0.511	0.772	0.832		0.628		0.712	0.568	0.634	0.846	0.606	0.488	0.883	0.79	0.908	0.614	0.535	0.735		0.796		0.81	0.513	0.449	0.425		0.201	0.289	0.622	0.495	0.475	0.457	0.457	0.673	0.791	0.793		0.744		0.749	0.782		0.63	0.683	0.743	0.76	0.701	0.876	0.876	0.787		0.573	0.809	0.929	0.917	0.886		0.768	0.595	0.602	0.588	0.588	0.615	0.556		0.479	0.098	0.251	0.337	0.621	0.574	0.519	0.807		0.492		0.434	0.767	0.933	0.285	0.375		0.371	0.322	0.344	0.317	0.323	0.733	0.701	0.701		0.842	0.8	0.855	0.791	0.916	0.856	0.399	0.381		0.524	0.524	0.775	0.78		0.889		0.888	0.889		0.871	0.822	0.827		0.968
element_100026	0.79	0.634	0.767	0.559			0.624	0.789	0.603	0.647	0.664		0.841		0.758	0.806	0.864	0.644	0.684	0.403		0.594		0.725	0.511	0.588											0.554	0.635	0.612	0.612	0.612	0.756	0.742	0.749		0.749		0.73	0.685		0.778		0.772	0.774	0.772	0.775	0.791	0.772		0.725	0.862	0.842	0.853	0.853		0.725	0.761	0.761	0.75	0.75	0.749	0.761		0.797	0.767	0.773	0.731	0.79	0.744	0.273	0.697	0.791	0.472		0.709	0.601	0.568	0.443	0.604		0.641	0.656	0.659	0.656	0.656	0.497	0.497	0.497		0.416	0.415	0.646	0.479	0.507	0.445	0.436			0.374	0.356	0.497	0.571		0.617		0.712	0.663		0.739	0.708	0.773		0.773
element_100027	0.078	0.248	0.12	0.126		0.201	0.229	0.381	0.369	0.354	0.389		0.164		0.122	0.124	0.241	0.377	0.478	0.098	0.187	0.286	0.114	0.197	0.137	0.214		0.362	0.324	0.639	0.238	0.222	0.243		0.295	0.295	0.211	0.478	0.258	0.258	0.258	0.567	0.627	0.572		0.558		0.603			0.537	0.574	0.593	0.615	0.611	0.611	0.638	0.611		0.763	0.621	0.702	0.709	0.621		0.501	0.651	0.593	0.673	0.673	0.593	0.632		0.623	0.171	0.475	0.416	0.583	0.559	0.652	0.462	0.401	0.607		0.28		0.227	0.226	0.235		0.234	0.237	0.239	0.193	0.25	0.207	0.207	0.207		0.208	0.214	0.266	0.204	0.389	0.28	0.381	0.355		0.261	0.228	0.365	0.483		0.201		0.447	0.398		0.334	0.281	0.475		0.348
element_100028	0.518	0.551	0.928	0.436		0.905	0.892	0.798	0.95	0.86	0.865		0.939		0.889	0.888	0.865	0.833	0.956	0.91	0.813	0.721	0.764	0.861	0.822	0.813		0.75		0.807	0.454	0.36	0.497		0.957	0.958	0.906	0.806	0.727	0.822	0.825	0.838	0.893	0.933		0.938		0.871	0.865		0.942	0.969	0.773	0.815	0.861	0.861	0.875	0.85		0.858	0.757	0.827		0.848		0.822	0.877	0.823	0.886	0.886	0.878	0.885		0.864	0.828	0.838	0.873	0.752	0.697	0.605	0.801		0.954		0.984	0.96	0.915	0.961	0.958		0.969	0.956	0.958	0.989	0.976	0.905	0.908	0.908		0.861	0.97	0.914	0.78	0.898	0.793	0.948	0.916		0.957	0.947	0.941	0.932		0.933		0.967	0.969		0.993	0.598	0.771		0.801
element_100029	0.658	0.493	0.181	0.369		0.511	0.429	0.482	0.521	0.614	0.576		0.631		0.278	0.296	0.247	0.613	0.561	0.593	0.254	0.598	0.5	0.569	0.671	0.542		0.45	0.615	0.713	0.608	0.569	0.595		0.539	0.526	0.466	0.427	0.418	0.413	0.413	0.388	0.536	0.449		0.443		0.365	0.448		0.398	0.438	0.43	0.43	0.43	0.43	0.425	0.418		0.408	0.361	0.354	0.35	0.343		0.719	0.735	0.455	0.44		0.73	0.729		0.749	0.509	0.521	0.406	0.549	0.556	0.489	0.128	0.159	0.152		0.122	0.145	0.179	0.157	0.234		0.246	0.234	0.234	0.229	0.19	0.313	0.313	0.313		0.538	0.514	0.438	0.51	0.32	0.618	0.445	0.428		0.393	0.393	0.459	0.485		0.171		0.464	0.502		0.588	0.478	0.545		0.545
element_10003	0.27	0.179	0.192	0.084		0.135	0.228	0.069	0.112	0.191	0.168	0.19	0.093	0.115		0.138	0.117	0.234	0.197	0.211	0.146	0.051	0.117	0.162	0.093	0.106		0.124		0.122	0.126	0.133	0.087	0.13	0.333	0.33	0.392	0.297	0.321	0.245	0.361	0.225	0.304	0.312	0.311	0.341	0.319	0.303	0.287	0.287	0.309	0.334	0.334	0.322	0.333	0.365	0.328	0.291	0.227	0.299	0.309	0.307	0.307	0.294		0.304	0.253	0.26	0.246	0.246	0.281	0.253		0.249	0.313	0.347	0.294	0.193	0.226	0.223	0.268		0.209	0.141	0.152	0.149	0.295	0.267	0.231	0.246	0.241	0.224	0.23	0.233	0.208	0.263	0.252	0.252	0.204	0.184	0.191	0.207	0.155	0.191	0.185	0.225	0.237	0.216	0.211	0.207	0.256	0.249	0.093	0.09		0.253	0.202	0.195	0.13	0.098	0.177	0.137	0.129
element_100030	0.537	0.65	0.832	0.929		0.793	0.82	0.618	0.616	0.631	0.611		0.833		0.593	0.593	0.557	0.333	0.66	0.647	0.584	0.683	0.668	0.651	0.768	0.618		0.641		0.433	0.474	0.495	0.496		0.509	0.46	0.358	0.586	0.612	0.595	0.595	0.72	0.829	0.778		0.743		0.736	0.761		0.754	0.754	0.735	0.735	0.772	0.775	0.838	0.745		0.607	0.647	0.636	0.625	0.645		0.662	0.692	0.66	0.667	0.667	0.667	0.667		0.656	0.629	0.678	0.608	0.553	0.563	0.56	0.645	0.687	0.773		0.727		0.798	0.649	0.728		0.728	0.743		0.747	0.747	0.574	0.568	0.568		0.608	0.568	0.522	0.557	0.55	0.479	0.487	0.487		0.527	0.495	0.518	0.565		0.745		0.593	0.593		0.595	0.641	0.616		0.621
element_100031	0.757			0.602		0.713	0.712	0.347	0.461	0.178	0.337		0.617		0.497	0.578	0.965	0.719	0.637	0.595	0.805	0.34	0.849	0.729	0.755	0.645		0.748		0.638	0.268	0.58	0.572		0.554	0.561	0.759	0.359	0.427	0.432	0.427	0.545	0.662	0.678		0.453		0.525	0.58		0.758	0.676	0.682	0.588	0.653	0.707	0.754	0.763		0.495		0.688	0.712	0.645		0.605	0.484	0.507	0.432	0.432	0.467	0.469		0.611	0.644	0.737	0.653	0.514	0.522		0.532	0.291	0.87		0.88	0.772	0.888	0.922	0.903		0.905	0.889	0.899	0.906	0.864	0.967	0.85	0.85		0.738	0.912	0.829	0.765	0.715	0.834	0.918	0.64		0.832	0.875	0.918	0.926		0.242		0.499	0.518		0.524	0.64	0.646		0.693
element_100032	0.397	0.741	0.289	0.067		0.575	0.758	0.151	0.253	0.442	0.43		0.46		0.159	0.382	0.408	0.359	0.385	0.315		0.282	0.371	0.292	0.268	0.305		0.282		0.229	0.239	0.227	0.227		0.283	0.279	0.111	0.204	0.182	0.182	0.135	0.226	0.271	0.143		0.298		0.23	0.268		0.372	0.324	0.273	0.274	0.28	0.28	0.285	0.211		0.21	0.136	0.139	0.132	0.138		0.336	0.298	0.292	0.129	0.133	0.296	0.296		0.395	0.296	0.356	0.214	0.3	0.296	0.308	0.169	0.308	0.32		0.318	0.299	0.335	0.412	0.464		0.435	0.434	0.432	0.432	0.406	0.21	0.205	0.205		0.325	0.305	0.447	0.273	0.189	0.185	0.327	0.35		0.298	0.269	0.299	0.275		0.631		0.355	0.355		0.384	0.943	0.949		0.761
element_100033	0.129	0.051				0.109	0.073	0.069	0.205	0.071	0.085		0.075		0.086	0.083	0.11	0.093	0.067	0.067	0.072	0.063	0.101	0.074	0.05	0.059		0.108		0.194	0.16	0.124	0.117		0.05	0.05	0.082	0.077	0.083	0.093	0.093	0.067	0.063	0.059		0.082		0.058	0.076		0.056	0.073	0.07	0.063	0.06	0.058	0.071	0.069		0.122	0.093	0.096	0.096	0.095		0.122	0.147	0.117	0.156	0.131	0.139	0.114		0.136	0.129		0.101	0.1	0.106	0.101	0.077	0.084	0.095		0.089	0.111	0.087	0.081	0.074		0.076	0.072	0.074	0.088	0.076	0.111	0.111	0.111		0.064	0.099	0.062	0.085	0.102	0.139	0.082	0.064		0.05	0.057	0.054	0.057		0.096		0.069	0.063		0.141	0.094	0.086		0.096
element_100034	0.319	0.479	0.812	0.336			0.196	0.253	0.411	0.404	0.414		0.489			0.446	0.546	0.596	0.552	0.638	0.613	0.642	0.628	0.642	0.723	0.526		0.424		0.533	0.536	0.602	0.588		0.435	0.424	0.683	0.214	0.166	0.142	0.142	0.197	0.234	0.276		0.226		0.185	0.222		0.212	0.227	0.202	0.19	0.21	0.2	0.208	0.208		0.263	0.301	0.238	0.238	0.244		0.196	0.163	0.212	0.199	0.199	0.203	0.214		0.209	0.249	0.231	0.321	0.251	0.323	0.251	0.271	0.192	0.198		0.095	0.244	0.193	0.182	0.197		0.167	0.157	0.17	0.178	0.316	0.332	0.329	0.329		0.384	0.413	0.308	0.377	0.194	0.161	0.159	0.25		0.149	0.152	0.199	0.219		0.311		0.241	0.235		0.225	0.233	0.269		0.268
element_100035	0.999	0.997	0.997	0.997		0.998	0.997	0.995	0.984	0.998	0.998		0.997			0.995	0.996	0.997	0.996	0.995	0.996	0.994	0.988	0.994	0.996	0.995		0.989	0.995	0.995	0.995	0.996	0.997		0.99	0.991	0.991	0.997	0.998	0.997	0.997	0.998	0.998	0.998		0.999		0.998	0.998		0.998	0.999	0.998	0.998	0.998	0.998	0.998	0.998		0.998	0.998	0.999	0.999	0.998		0.999	0.999	0.999	0.999	0.999	0.999	0.999		0.999	0.999	0.997	0.998	0.998	0.998	0.998	0.998	0.998	0.996		0.996	0.999	0.996	0.996	0.994		0.996	0.995	0.996		0.996	0.995	0.997	0.997		0.998	0.998	0.996	0.997	0.997	0.982	0.994	0.996		0.996	0.996	0.997	0.996		0.998		0.998	0.998		0.999	0.999	0.999		0.999
element_100036	0.397	0.641	0.402	0.475		0.302	0.335	0.453	0.474	0.642	0.556		0.524			0.44	0.509	0.751	0.485	0.512	0.551	0.337	0.577	0.531	0.568	0.644		0.66		0.439	0.658	0.542	0.569		0.559	0.602	0.467	0.511	0.524	0.548	0.519	0.245	0.358	0.349		0.37		0.341	0.343		0.421	0.288	0.387	0.391	0.37	0.374	0.381	0.383		0.569		0.522	0.522	0.522		0.558	0.43	0.481	0.464	0.478	0.553	0.549		0.562	0.418	0.397	0.559	0.561	0.57	0.587	0.52	0.443	0.487		0.502	0.595	0.626	0.512	0.583		0.661	0.578	0.577	0.604	0.559	0.309	0.306	0.306		0.337	0.287	0.327	0.276	0.293	0.259	0.303	0.318		0.367	0.363	0.393	0.307		0.401		0.426	0.37		0.447	0.522	0.346		0.421
element_100037	0.723	0.739	0.838	0.873		0.778	0.806	0.904	0.958	0.948	0.946		0.952			0.962	0.948	0.931	0.946	0.804	0.941	0.944	0.969	0.899	0.966	0.962		0.433	0.157	0.508	0.259	0.736	0.286		0.639	0.675	0.433	0.873	0.875	0.868	0.868	0.891	0.524	0.594		0.595		0.607	0.563		0.645	0.516	0.607	0.607	0.612	0.602	0.624	0.588		0.916	0.906	0.891	0.891	0.867		0.768	0.802	0.791	0.868	0.868	0.784	0.784		0.86	0.879	0.874	0.787	0.847	0.854	0.821	0.903	0.834	0.8		0.789	0.881	0.849	0.833	0.904		0.904	0.856	0.856	0.874	0.874	0.798	0.837	0.843		0.756	0.647	0.761	0.732	0.684	0.868	0.921	0.84		0.875	0.91	0.924	0.871		0.91		0.764	0.764		0.908	0.82	0.706		0.812
element_100038	0.478	0.628	0.264	0.328		0.299	0.246	0.567	0.172	0.429	0.356		0.544		0.398	0.399	0.483	0.444	0.32	0.317	0.395	0.369	0.446	0.404	0.146	0.465		0.334		0.278	0.442	0.344	0.351		0.294	0.309	0.367	0.387	0.426	0.258	0.263	0.297	0.199	0.185		0.187		0.249	0.234		0.299	0.198	0.177	0.2	0.209	0.216	0.161	0.167		0.199	0.179	0.197	0.192	0.175		0.173	0.123	0.117	0.113	0.112	0.157	0.156		0.161		0.182	0.15	0.238	0.191	0.214	0.42	0.351	0.449		0.506	0.384	0.405	0.566	0.576		0.576	0.559	0.559	0.522	0.505	0.522	0.522	0.522		0.689	0.625	0.663	0.656	0.561	0.418	0.345	0.313		0.314	0.323	0.383	0.398		0.469		0.288	0.288		0.364	0.266	0.282		0.255
element_100039	0.234	0.54	0.137	0.452		0.597		0.655	0.369	0.622	0.689				0.366	0.359	0.411	0.268	0.293	0.136	0.402		0.231	0.443	0.3	0.379		0.651		0.469	0.569	0.883	0.914		0.247	0.289	0.401	0.375	0.298	0.433	0.433	0.708	0.496	0.439		0.375		0.434	0.348		0.526	0.53	0.595	0.542	0.431	0.431	0.36	0.325		0.501	0.636	0.565	0.541	0.607		0.528		0.572	0.58	0.626	0.553	0.594		0.503	0.598	0.517	0.42	0.696	0.701		0.211	0.222	0.528		0.346	0.324	0.647	0.18	0.19		0.177	0.205	0.203	0.195	0.215	0.441	0.51	0.51		0.647	0.65	0.667	0.642	0.73	0.284	0.351	0.352		0.283	0.302	0.436	0.339		0.566		0.279	0.211		0.544		0.696		0.497
element_10004	0.113	0.088		0.11		0.31		0.115	0.161	0.129	0.106	0.172	0.261	0.254	0.311	0.303	0.457	0.205		0.151	0.103	0.08	0.152	0.138	0.212				0.146	0.199	0.138	0.104	0.109			0.076	0.143	0.117	0.14	0.123	0.123	0.076	0.149		0.087	0.107	0.109	0.118	0.197		0.167	0.204	0.142	0.142	0.147	0.156	0.137	0.098	0.11	0.094	0.063	0.059	0.082	0.061		0.084	0.067	0.085	0.07	0.072	0.099	0.066			0.078	0.056	0.095	0.164	0.166	0.182	0.108		0.099	0.105	0.138	0.086	0.085	0.318	0.059	0.057	0.073	0.058				0.436	0.331	0.517		0.076	0.071	0.075	0.054	0.147	0.124	0.108	0.106	0.141	0.106	0.124	0.159	0.051	0.123	0.444			0.191	0.073	0.092	0.141	0.12	0.125	0.125
element_100040	0.904	0.933	0.746	0.874		0.924	0.921	0.929	0.827	0.927	0.908		0.921		0.938	0.938	0.948	0.888	0.951	0.948	0.924	0.923	0.852	0.888	0.932	0.921		0.911		0.933	0.858	0.953	0.953		0.625	0.593	0.922	0.907	0.923	0.931	0.931	0.936	0.955	0.959		0.955		0.965	0.977		0.94	0.947	0.934	0.934	0.949	0.953	0.947	0.965		0.866	0.961	0.948	0.947	0.956		0.927	0.926	0.909	0.916	0.909	0.898	0.897		0.949	0.963	0.94	0.916	0.956	0.985		0.858	0.888	0.895		0.937	0.922	0.936	0.905	0.941		0.941	0.89	0.887	0.942	0.941	0.906	0.908	0.908		0.915	0.94	0.946	0.934	0.952	0.956	0.951	0.951		0.889	0.852	0.954	0.957		0.924		0.945	0.941		0.957	0.958	0.954		0.956
element_100041	0.588	0.35	0.289	0.294		0.25	0.294	0.524	0.673	0.65	0.657		0.339		0.479	0.477	0.487	0.255	0.409	0.452	0.408	0.393	0.424	0.506	0.281	0.356		0.36	0.649	0.479	0.465	0.389	0.472		0.416	0.416	0.41	0.434	0.495	0.495	0.495		0.363	0.376		0.376		0.385	0.341		0.311	0.329	0.342	0.481	0.382	0.376	0.323	0.299		0.552		0.699	0.521	0.748		0.854	0.922	0.955	0.925	0.942	0.929	0.945		0.777	0.326	0.388	0.358	0.481	0.351	0.327	0.829	0.577	0.492		0.387	0.402	0.355	0.481	0.491		0.499	0.524	0.524	0.515	0.542	0.533	0.541	0.541		0.501	0.566	0.517	0.556	0.49	0.571	0.501	0.516		0.505	0.505	0.516	0.501		0.368		0.733	0.679		0.494	0.577	0.459		0.492
element_100042	0.1	0.141	0.244	0.107		0.097	0.096	0.162	0.148	0.294	0.267		0.098		0.107	0.123	0.078	0.131	0.185	0.128	0.132	0.133	0.109	0.115	0.098	0.123		0.204		0.127	0.224	0.246	0.211		0.144	0.157	0.167	0.107	0.114	0.114	0.114	0.221	0.093	0.094		0.094		0.092	0.076			0.079	0.095	0.095		0.092	0.107	0.086		0.098	0.149	0.118	0.225	0.112		0.106	0.079	0.08	0.081	0.081	0.075	0.075		0.111	0.086	0.092	0.097	0.092	0.092	0.091	0.105	0.151	0.099			0.145		0.196	0.097		0.081	0.077	0.081	0.078	0.077	0.092	0.096	0.096		0.075	0.064	0.067	0.065	0.151	0.096	0.109	0.123		0.135	0.141	0.073	0.216		0.131		0.105	0.109		0.126	0.155	0.141		0.142
element_100043	0.359	0.727	0.754	0.589		0.677	0.808	0.615	0.713	0.8	0.822		0.594		0.612	0.553	0.61	0.731	0.783	0.736	0.681	0.764	0.61	0.644	0.55	0.625		0.784		0.812	0.802		0.783		0.703	0.704	0.721	0.763	0.772	0.766	0.766	0.704	0.795	0.793		0.726		0.543	0.756		0.71	0.666	0.665	0.665	0.797	0.8	0.62	0.672		0.652		0.666	0.676	0.666		0.615	0.636	0.645	0.582	0.582	0.636	0.724		0.566	0.605	0.602	0.508	0.53	0.558	0.498	0.758	0.573	0.739		0.684	0.721	0.527	0.665	0.672		0.658	0.66	0.66	0.674	0.549	0.889	0.895	0.895		0.614	0.648	0.746	0.826	0.858	0.882	0.869	0.845		0.859	0.87	0.87	0.88		0.746		0.493	0.501		0.557	0.742	0.762		0.668
